Date,Open,High,Low,Close,Volume
1984-09-30,0.0992653,0.108567,0.0920757,0.0938731,2555589318
1984-10-31,0.0935884,0.102271,0.0842578,0.0929793,4242999795
1984-11-30,0.0935884,0.0992653,0.0818714,0.0923707,4013171025
1984-12-31,0.0923707,0.109471,0.0911623,0.10887,4114347929
1985-01-31,0.10887,0.116364,0.104363,0.108567,7581329243
1985-02-28,0.108567,0.11488,0.0923707,0.0923707,5636668545
1985-03-31,0.0923707,0.0971633,0.0773731,0.082775,5496386908
1985-04-30,0.082775,0.0860848,0.0731795,0.0794751,3415339288
1985-05-31,0.0794751,0.0830794,0.0629845,0.0650669,5524421745
1985-06-30,0.0635839,0.0692804,0.0551866,0.067483,6920385240
1985-07-31,0.0677776,0.0680917,0.0593704,0.0593704,3096870755
1985-08-31,0.0593704,0.0602938,0.0539884,0.0560803,2165819703
1985-09-30,0.0560803,0.0644873,0.0551866,0.0590858,2148374448
1985-10-31,0.0590858,0.0719614,0.0560803,0.0695847,4508385173
1985-11-30,0.0695847,0.0773731,0.0695847,0.0752715,3435158451
1985-12-31,0.0752715,0.0854757,0.0719614,0.0821661,4252709003
1986-01-31,0.0821661,0.0923707,0.0812821,0.0863893,7492475932
1986-02-28,0.0863893,0.0998857,0.0854757,0.0935884,4073668736
1986-03-31,0.0935884,0.11066,0.0905634,0.105571,5078101930
1986-04-30,0.105571,0.122316,0.0980668,0.113095,5314306192
1986-05-31,0.113095,0.140063,0.111267,0.138254,5899440476
1986-06-30,0.138254,0.14636,0.121413,0.134024,4838777419
1986-07-31,0.134024,0.14127,0.112161,0.116933,6777782630
1986-08-31,0.116364,0.142076,0.114253,0.138254,4338814816
1986-09-30,0.138864,0.138864,0.118182,0.125115,4261031792
1986-10-31,0.124821,0.131626,0.120548,0.129584,3553487296
1986-11-30,0.129848,0.154167,0.126558,0.149659,6199663506
1986-12-31,0.149659,0.164087,0.14636,0.151477,5671425779
1987-01-31,0.15118,0.213803,0.149973,0.207547,9846885295
1987-02-28,0.207547,0.266622,0.192836,0.261535,7878751302
1987-03-31,0.262723,0.263656,0.232757,0.241095,7096544499
1987-04-30,0.235705,0.299032,0.233337,0.296351,8113327948
1987-05-31,0.297176,0.30743,0.271396,0.295712,4571550861
1987-06-30,0.297785,0.323882,0.284644,0.30313,4164976133
1987-07-31,0.30531,0.335272,0.273517,0.308933,3656157547
1987-08-31,0.306938,0.406708,0.299318,0.404888,3714561819
1987-09-30,0.410585,0.440578,0.363531,0.42355,3662386153
1987-10-31,0.425533,0.448064,0.207191,0.289527,7830550068
1987-11-30,0.290556,0.300015,0.228513,0.247461,5042264810
1987-12-31,0.251292,0.328124,0.223074,0.314904,5599604303
1988-01-31,0.320561,0.346657,0.286667,0.31131,7408877585
1988-02-29,0.313061,0.328124,0.283112,0.322448,4011276918
1988-03-31,0.324176,0.358019,0.290556,0.300015,5813761596
1988-04-30,0.29811,0.31792,0.288582,0.30743,3927278764
1988-05-31,0.305613,0.323362,0.280401,0.31131,3142017723
1988-06-30,0.31131,0.350595,0.309148,0.346657,4209269398
1988-07-31,0.348532,0.356302,0.316733,0.332926,2603656868
1988-08-31,0.333536,0.343121,0.294191,0.299032,3159649601
1988-09-30,0.29811,0.33164,0.283112,0.324176,3644327676
1988-10-31,0.322448,0.324176,0.281325,0.289527,4243706349
1988-11-30,0.288582,0.29811,0.266288,0.281894,3500884564
1988-12-31,0.283112,0.314904,0.281325,0.301735,3508273892
1989-01-31,0.301735,0.3299,0.271691,0.283112,8747650338
1989-02-28,0.283112,0.301735,0.264245,0.271691,5818723162
1989-03-31,0.271691,0.273517,0.251292,0.266945,4596225001
1989-04-30,0.266288,0.311938,0.254019,0.292346,4723342546
1989-05-31,0.288582,0.367379,0.288582,0.358019,6255893448
1989-06-30,0.358019,0.376632,0.296351,0.309148,4693400381
1989-07-31,0.313061,0.314904,0.283112,0.29811,4392537517
1989-08-31,0.29811,0.343121,0.294191,0.333536,3992031419
1989-09-30,0.333536,0.350595,0.322448,0.333536,2406491228
1989-10-31,0.333536,0.377898,0.318477,0.348532,4912239446
1989-11-30,0.346657,0.354192,0.318477,0.33164,3006777284
1989-12-31,0.333536,0.343121,0.243562,0.264245,7074951432
1990-01-31,0.264245,0.290556,0.240782,0.254954,4462638356
1990-02-28,0.258488,0.264245,0.241765,0.254954,2957895985
1990-03-31,0.251292,0.325441,0.249228,0.301735,5425992713
1990-04-30,0.300015,0.33164,0.285783,0.295439,4337574410
1990-05-31,0.29811,0.320561,0.290556,0.309148,4901022486
1990-06-30,0.310386,0.336433,0.281325,0.335549,4706231101
1990-07-31,0.333536,0.358019,0.300015,0.314904,4958399777
1990-08-31,0.314904,0.328124,0.251292,0.277375,3725324840
1990-09-30,0.273517,0.281325,0.204315,0.217437,2628104166
1990-10-31,0.221364,0.239868,0.181697,0.230656,6020983318
1990-11-30,0.228513,0.288582,0.223074,0.275599,3875689864
1990-12-31,0.279184,0.339243,0.277375,0.322448,4875375064
1991-01-31,0.320561,0.419856,0.314904,0.41626,8380247572
1991-02-28,0.41626,0.466636,0.410585,0.429176,6604090690
1991-03-31,0.427361,0.526625,0.427361,0.509732,6204945180
1991-04-30,0.509732,0.549213,0.408434,0.41244,8625254075
1991-05-31,0.359916,0.403051,0.3299,0.352384,9494313211
1991-06-30,0.352384,0.371258,0.301735,0.31131,4872480514
1991-07-31,0.316733,0.361683,0.313061,0.346657,4505504510
1991-08-31,0.344898,0.41626,0.343121,0.397387,4968922794
1991-09-30,0.395589,0.401322,0.348532,0.371258,2849743714
1991-10-31,0.369276,0.421662,0.348532,0.386333,4279837175
1991-11-30,0.384097,0.41413,0.356302,0.380658,4401353344
1991-12-31,0.380658,0.434883,0.363531,0.422912,3104699809
1992-01-31,0.418138,0.517294,0.41626,0.485589,5600671344
1992-02-29,0.485589,0.524857,0.463069,0.505999,3018754404
1992-03-31,0.507868,0.513366,0.433076,0.4367,3555420996
1992-04-30,0.429176,0.45917,0.397387,0.450833,4681623697
1992-05-31,0.449891,0.474138,0.4367,0.448064,3219680767
1992-06-30,0.429176,0.446287,0.320561,0.359916,5777537237
1992-07-31,0.359916,0.371258,0.326266,0.350595,4326064386
1992-08-31,0.350595,0.354192,0.31131,0.344898,3270656121
1992-09-30,0.346657,0.374874,0.328124,0.338367,3638779272
1992-10-31,0.335549,0.404888,0.31131,0.393456,4205334938
1992-11-30,0.393456,0.446287,0.386333,0.431277,3723191120
1992-12-31,0.429176,0.45917,0.408434,0.448064,3970611823
1993-01-31,0.446287,0.489105,0.429176,0.446287,6599902847
1993-02-28,0.444153,0.461292,0.386333,0.397387,5538892821
1993-03-31,0.397387,0.433076,0.376632,0.386333,4360261189
1993-04-30,0.384097,0.393456,0.350595,0.384097,4661404431
1993-05-31,0.384097,0.443241,0.382377,0.424384,3811310711
1993-06-30,0.42355,0.4367,0.288582,0.296351,9138913861
1993-07-31,0.292346,0.29811,0.19139,0.208136,8506005057
1993-08-31,0.211672,0.230656,0.194042,0.198581,4386028892
1993-09-30,0.198581,0.202431,0.172445,0.175166,4367996947
1993-10-31,0.170667,0.241765,0.164992,0.230656,7032245104
1993-11-30,0.230656,0.262429,0.223074,0.236342,4110880338
1993-12-31,0.239868,0.243562,0.198581,0.219224,4712086351
1994-01-31,0.221364,0.264245,0.21566,0.245564,8731218944
1994-02-28,0.247461,0.286667,0.241765,0.273517,5102069408
1994-03-31,0.275599,0.288582,0.236342,0.249228,6261375257
1994-04-30,0.241765,0.256683,0.202431,0.224919,4813503027
1994-05-31,0.224919,0.253117,0.213487,0.219224,4003168106
1994-06-30,0.213487,0.214746,0.18473,0.198581,5563313351
1994-07-31,0.197616,0.254954,0.190104,0.252546,5773229456
1994-08-31,0.25191,0.280401,0.240782,0.271089,5447932475
1994-09-30,0.265336,0.279184,0.250434,0.252546,3849535445
1994-10-31,0.25191,0.328124,0.243562,0.323685,9185461180
1994-11-30,0.321485,0.326005,0.272975,0.279184,4821612428
1994-12-31,0.277375,0.299032,0.260611,0.292346,4510625996
1995-01-31,0.29142,0.360505,0.284035,0.302881,9719687259
1995-02-28,0.305613,0.333536,0.284939,0.296351,6310629783
1995-03-31,0.29811,0.305613,0.254019,0.264245,8332419842
1995-04-30,0.266288,0.296872,0.25191,0.286667,6757136512
1995-05-31,0.286667,0.332926,0.281325,0.311634,7603068881
1995-06-30,0.314018,0.375758,0.31131,0.348209,6575708924
1995-07-31,0.348532,0.374019,0.322448,0.337377,6787238663
1995-08-31,0.336433,0.346657,0.314018,0.322448,6302974214
1995-09-30,0.322448,0.341303,0.260611,0.279184,8706744823
1995-10-31,0.283112,0.296617,0.25191,0.272339,7738629354
1995-11-30,0.274419,0.318477,0.266288,0.285783,5792555236
1995-12-31,0.284939,0.300791,0.237305,0.239062,7812144692
1996-01-31,0.241765,0.266288,0.201171,0.207191,12265820356
1996-02-29,0.20627,0.226765,0.204315,0.20627,5539866668
1996-03-31,0.207191,0.207191,0.172445,0.184152,3985416140
1996-04-30,0.188384,0.198581,0.178141,0.182619,3414205671
1996-05-31,0.182619,0.216571,0.176362,0.195841,4291640547
1996-06-30,0.194042,0.194937,0.147214,0.157487,5565874074
1996-07-31,0.158369,0.170667,0.119998,0.164992,5720147002
1996-08-31,0.164992,0.187402,0.155659,0.181697,3795626207
1996-09-30,0.18087,0.18473,0.151772,0.166128,3826795369
1996-10-31,0.164992,0.208136,0.164992,0.172445,6927040581
1996-11-30,0.175166,0.197616,0.173346,0.18087,3073970628
1996-12-31,0.18087,0.19139,0.155659,0.156583,4938953709
1997-01-31,0.158369,0.166689,0.123603,0.124821,10804104049
1997-02-28,0.126558,0.134024,0.113348,0.121707,5447065501
1997-03-31,0.123603,0.145201,0.119075,0.136753,5361413440
1997-04-30,0.132284,0.149031,0.125654,0.127403,4536740453
1997-05-31,0.126558,0.134996,0.12266,0.124821,2730228144
1997-06-30,0.127403,0.128316,0.104962,0.10676,3063180972
1997-07-31,0.104363,0.135869,0.0956707,0.131382,8076663642
1997-08-31,0.132284,0.221659,0.131626,0.163174,21048788112
1997-09-30,0.164992,0.174211,0.157487,0.162582,4294228223
1997-10-31,0.162582,0.185714,0.119075,0.127728,7657098420
1997-11-30,0.131626,0.161306,0.126558,0.13314,6606118118
1997-12-31,0.132541,0.13467,0.0956707,0.0983713,6070611638
1998-01-31,0.101955,0.149973,0.101368,0.13739,12160268754
1998-02-28,0.138553,0.179084,0.130173,0.177307,8757573557
1998-03-31,0.17663,0.20999,0.162241,0.20627,12653749440
1998-04-30,0.20573,0.22223,0.185076,0.205188,9624165535
1998-05-31,0.20627,0.237305,0.192322,0.199708,8101630967
1998-06-30,0.198581,0.217437,0.192322,0.215059,4655962675
1998-07-31,0.216571,0.285783,0.213487,0.259452,13013003385
1998-08-31,0.256683,0.328124,0.232446,0.233632,15743831764
1998-09-30,0.235115,0.301164,0.229685,0.285783,9622298317
1998-10-31,0.275599,0.309786,0.213487,0.278318,15398554919
1998-11-30,0.281325,0.295439,0.238102,0.239615,12055411065
1998-12-31,0.239868,0.31131,0.237305,0.306938,15390433091
1999-01-31,0.315838,0.354781,0.278005,0.308589,18014189208
1999-02-28,0.312516,0.314316,0.258488,0.2612,9665404551
1999-03-31,0.2612,0.278318,0.239868,0.269333,11851149981
1999-04-30,0.270463,0.353288,0.251292,0.344898,18921086527
1999-05-31,0.345419,0.374874,0.306938,0.330453,10609005819
1999-06-30,0.337377,0.367379,0.315462,0.347295,8238912067
1999-07-31,0.347295,0.424384,0.338684,0.417499,13654768318
1999-08-31,0.41687,0.49392,0.390773,0.489105,11008765030
1999-09-30,0.502267,0.600679,0.430699,0.474698,22587060604
1999-10-31,0.465752,0.607944,0.446287,0.600679,17229541784
1999-11-30,0.599794,0.777856,0.579561,0.733857,9992355214
1999-12-31,0.757233,0.884711,0.682981,0.770784,11215507130
2000-01-31,0.786303,0.911036,0.648508,0.777856,14951101752
2000-02-29,0.779624,0.89915,0.727276,0.859669,8716628074
2000-03-31,0.888936,1.12731,0.854757,1.01807,10358277835
2000-04-30,1.01612,1.04588,0.786303,0.930383,10315465024
2000-05-31,0.936374,0.946588,0.613053,0.629845,11679378606
2000-06-30,0.613053,0.864186,0.602642,0.785419,9651933718
2000-07-31,0.781391,0.908875,0.703017,0.762045,6843435730
2000-08-31,0.75458,0.922233,0.66324,0.913784,6711629616
2000-09-30,0.919581,0.961517,0.380658,0.386333,17287218502
2000-10-31,0.400417,0.401322,0.262429,0.293328,26086104788
2000-11-30,0.29142,0.344898,0.241765,0.247461,10108223029
2000-12-31,0.254954,0.262429,0.204315,0.223074,10549541321
2001-01-31,0.223074,0.337377,0.216571,0.324176,16325658832
2001-02-28,0.310386,0.329057,0.269951,0.273517,8364122553
2001-03-31,0.266945,0.356302,0.257941,0.331072,12859864412
2001-04-30,0.331072,0.406708,0.281325,0.382092,13288478767
2001-05-31,0.381208,0.400417,0.289527,0.299032,8893647206
2001-06-30,0.301735,0.376415,0.290332,0.348532,9095887764
2001-07-31,0.354523,0.378165,0.267868,0.281639,10306769097
2001-08-31,0.285206,0.298424,0.259138,0.278318,6108202855
2001-09-30,0.277375,0.286098,0.220098,0.232446,6587112400
2001-10-31,0.232446,0.291125,0.222495,0.263341,8983927705
2001-11-30,0.264434,0.323362,0.258488,0.319412,6394461644
2001-12-31,0.315838,0.360505,0.301164,0.328448,5513358642
2002-01-31,0.330764,0.370946,0.303412,0.370641,10140379584
2002-02-28,0.378595,0.389527,0.314018,0.325441,9333051802
2002-03-31,0.328712,0.37938,0.32721,0.355075,6333536498
2002-04-30,0.350595,0.392522,0.344898,0.363844,7648515687
2002-05-31,0.364111,0.389527,0.332004,0.349398,7116597156
2002-06-30,0.35091,0.35151,0.239615,0.265669,10369781283
2002-07-31,0.265669,0.281639,0.206898,0.228802,9667665215
2002-08-31,0.226502,0.243562,0.209678,0.221364,6134790683
2002-09-30,0.217437,0.227659,0.210887,0.217437,6301687139
2002-10-31,0.218626,0.246509,0.200299,0.241095,7873102878
2002-11-30,0.239062,0.260611,0.224919,0.232446,5396516831
2002-12-31,0.238386,0.241439,0.206584,0.215059,5394989980
2003-01-31,0.215354,0.230656,0.203362,0.215354,7199568589
2003-02-28,0.216277,0.22939,0.206898,0.224919,4899442185
2003-03-31,0.224919,0.227368,0.210591,0.211986,4797151637
2003-04-30,0.212899,0.223997,0.190763,0.213194,9285784103
2003-05-31,0.213487,0.284939,0.20999,0.269068,12895879972
2003-06-30,0.271396,0.295439,0.249228,0.285783,7286910451
2003-07-31,0.283112,0.323685,0.277682,0.316152,6205310844
2003-08-31,0.314904,0.342779,0.291125,0.338964,5129409929
2003-09-30,0.339781,0.349691,0.302007,0.310731,6376241145
2003-10-31,0.310731,0.375137,0.302881,0.343415,8385986092
2003-11-30,0.342188,0.349398,0.297785,0.313698,5930052107
2003-12-31,0.315462,0.328448,0.288582,0.320561,6513519894
2004-01-31,0.323362,0.372469,0.317623,0.338367,9440609431
2004-02-29,0.336728,0.361389,0.325441,0.35863,5861283371
2004-03-31,0.361134,0.42194,0.353896,0.405516,13821178906
2004-04-30,0.403346,0.443566,0.382092,0.386591,10624228123
2004-05-31,0.389823,0.431594,0.382377,0.42073,6315663172
2004-06-30,0.416586,0.512385,0.413886,0.487939,9797915092
2004-07-31,0.481072,0.504231,0.430974,0.484973,11549014409
2004-08-31,0.468471,0.527609,0.445393,0.517294,9542445359
2004-09-30,0.514249,0.589089,0.512385,0.581232,9141930916
2004-10-31,0.586534,0.797892,0.564535,0.785712,19198903498
2004-11-30,0.787285,1.04306,0.780215,1.00543,20777341977
2004-12-31,1.00543,1.01905,0.923803,0.965743,19039087395
2005-01-31,0.972516,1.16815,0.938828,1.15316,30703122814
2005-02-28,1.15528,1.36273,1.14831,1.34543,25573782949
2005-03-31,1.35241,1.3528,1.16463,1.24969,17497285094
2005-04-30,1.26246,1.33318,1.01955,1.08133,23160799376
2005-05-31,1.08713,1.22778,0.99294,1.1925,15369456782
2005-06-30,1.19665,1.22246,1.06524,1.10392,13537083450
2005-07-31,1.10461,1.3311,1.0884,1.27894,12140860696
2005-08-31,1.27748,1.44944,1.26029,1.40632,11253727161
2005-09-30,1.40959,1.63644,1.38225,1.60776,14687685648
2005-10-31,1.62437,1.73879,1.43559,1.72729,22187350279
2005-11-30,1.71728,2.13115,1.70568,2.0342,16005851922
2005-12-31,2.06594,2.26366,2.0635,2.1561,15523075345
2006-01-31,2.1717,2.59138,2.12507,2.26512,26020641003
2006-02-28,2.24909,2.29262,1.8864,2.05406,22316596543
2006-03-31,2.06928,2.09932,1.72956,1.88109,27586241176
2006-04-30,1.90918,2.16092,1.83101,2.11101,23933231479
2006-05-31,2.12231,2.21364,1.76021,1.79259,18567998552
2006-06-30,1.79496,1.8924,1.66188,1.71758,21346086857
2006-07-31,1.71982,2.05807,1.50425,2.03845,20811825232
2006-08-31,2.01606,2.0995,1.87689,2.03519,21289150649
2006-09-30,2.05347,2.33298,2.0342,2.30883,21101208869
2006-10-31,2.24939,2.47757,2.17722,2.43199,17106514228
2006-11-30,2.43266,2.79352,2.33317,2.74962,16463636736
2006-12-31,2.75382,2.76897,2.30284,2.54416,20115819058
2007-01-31,2.58767,2.93328,2.45564,2.57095,32341787947
2007-02-28,2.58332,2.72387,2.4854,2.5371,16337441648
2007-03-31,2.5191,2.90389,2.51123,2.78654,18954270336
2007-04-30,2.82327,3.0743,2.68743,2.99318,16031927267
2007-05-31,2.9866,3.66271,2.95615,3.63472,20677145158
2007-06-30,3.63176,3.82673,3.46048,3.65956,27714197895
2007-07-31,3.63235,4.46608,3.57736,3.95165,28580208712
2007-08-31,4.00764,4.18942,3.34772,4.1523,28959124167
2007-09-30,4.19856,4.64827,3.89823,4.60232,24876398300
2007-10-31,4.63736,5.70203,4.587,5.69709,27591507595
2007-11-30,5.65627,5.77835,4.51795,5.46473,31161621608
2007-12-31,5.45198,6.0872,5.30875,5.94118,20510074949
2008-01-31,5.98291,6.0059,3.78292,4.06018,41794208605
2008-02-29,4.08728,4.09583,3.46194,3.74923,29543531087
2008-03-31,3.73088,4.37093,3.53896,4.30383,27292374958
2008-04-30,4.38762,5.39836,4.30749,5.21664,27106225415
2008-05-31,5.24727,5.76547,5.15871,5.66075,21565957760
2008-06-30,5.6536,5.69709,4.9236,5.02237,23172409974
2008-07-31,4.92032,5.42572,4.39499,4.76712,23389549508
2008-08-31,4.79679,5.41259,4.5866,5.08385,15573978248
2008-09-30,5.17501,5.2032,3.01706,3.40864,28636525900
2008-10-31,3.35519,3.49112,2.54954,3.22722,49124711996
2008-11-30,3.17653,3.35253,2.37395,2.77907,28121516250
2008-12-31,2.73881,3.10731,2.53551,2.56007,24063233817
2009-01-31,2.56665,2.91323,2.34537,2.70316,21444784821
2009-02-28,2.66945,3.08933,2.59501,2.67888,16226925964
2009-03-31,2.63951,3.29823,2.46902,3.15268,18350924887
2009-04-30,3.12076,3.81544,3.11576,3.7732,14035999835
2009-05-31,3.7732,4.07589,3.5795,4.07295,11238544735
2009-06-30,4.08925,4.39057,3.98523,4.27155,15053280679
2009-07-31,4.30423,4.94802,4.031,4.9002,12979854502
2009-08-31,4.95247,5.17304,4.78137,5.04505,9700156077
2009-09-30,5.03879,5.6652,4.9226,5.55875,11862367223
2009-10-31,5.56293,6.25997,5.41965,5.6536,15353006108
2009-11-30,5.69319,6.23759,5.56591,5.99509,10031366470
2009-12-31,6.06562,6.41645,5.6588,6.31969,13530110070
2010-01-31,6.40299,6.46601,5.70545,5.75979,17996635597
2010-02-28,5.77588,6.15313,5.72394,6.13653,12798174218
2010-03-31,6.1703,7.12261,6.16196,7.04805,14432931176
2010-04-30,7.12749,8.17152,6.98078,7.83053,14680509520
2010-05-31,7.93012,8.03421,5.97554,7.70373,21487936479
2010-06-30,7.78887,8.36793,7.26364,7.54366,19788151947
2010-07-31,7.62104,7.97835,7.18635,7.71521,18606538795
2010-08-31,7.81069,7.92638,7.06504,7.29092,11396882750
2010-09-30,7.42314,8.83851,7.3867,8.50986,14086948091
2010-10-31,8.58706,9.56707,8.33041,9.02667,14473780046
2010-11-30,9.07637,9.63579,8.92984,9.33232,11290568433
2010-12-31,9.46688,9.79686,9.44527,9.67411,8282749585
2011-01-31,9.74088,10.4539,9.74088,10.1761,12862239206
2011-02-28,10.2438,10.9441,10.1278,10.5934,11041220990
2011-03-31,10.6544,10.8467,9.78411,10.4509,13442789145
2011-04-30,10.5296,10.6505,9.60241,10.5002,10978689124
2011-05-31,10.4873,10.5511,9.87935,10.4325,8222468178
2011-06-30,10.4686,10.56,9.31268,10.067,11012438797
2011-07-31,10.0758,12.1304,10.0236,11.7111,12651321757
2011-08-31,11.9357,11.9813,10.5874,11.5421,19143516124
2011-09-30,11.5736,12.6833,10.9913,11.4351,14237706813
2011-10-31,11.4083,12.7964,10.6238,12.1393,15606940880
2011-11-30,11.9221,12.2356,10.8968,11.4628,10665488146
2011-12-31,11.4693,12.2699,11.3268,12.145,7494658175
2012-01-31,12.2924,13.743,12.2669,13.691,8161261325
2012-02-29,13.7489,16.4244,13.6155,16.2692,13528128935
2012-03-31,16.4363,18.638,15.4815,17.9802,18378409202
2012-04-30,18.048,19.3129,16.6444,17.5136,18338377838
2012-05-31,17.542,17.8978,15.6613,17.3249,13082376143
2012-06-30,17.0697,17.695,16.4489,17.5146,9290360653
2012-07-31,17.5363,18.5911,17.0962,18.319,10601056266
2012-08-31,18.472,20.5081,18.0014,20.0359,9810941679
2012-09-30,20.0504,21.2349,19.7586,20.0928,10901166534
2012-10-31,20.2154,20.3855,17.703,17.9319,14390219444
2012-11-30,18.0183,18.1608,15.3018,17.7109,15265180579
2012-12-31,17.9615,17.9901,15.1653,16.1013,14306999652
2013-01-31,16.7563,16.7917,13.1616,13.7815,15475231397
2013-02-28,13.8912,14.7567,13.32,13.4338,10971447155
2013-03-31,13.3309,14.3021,12.751,13.471,10767423557
2013-04-30,13.4563,13.5497,11.7199,13.4739,12856689567
2013-05-31,13.5251,14.1842,12.8316,13.7775,11033791457
2013-06-30,13.8078,13.9219,11.9833,12.2188,8184070611
2013-07-31,12.3367,14.0123,12.2914,13.8632,7620065129
2013-08-31,13.9582,15.8409,13.8854,15.1113,9335900038
2013-09-30,15.2064,15.6642,13.7914,14.7872,9987978398
2013-10-31,14.7528,16.6296,14.7479,16.2132,9060567831
2013-11-30,16.171,17.3171,15.893,17.2484,6017436779
2013-12-31,17.3075,17.8396,16.7111,17.3995,8118981625
2014-01-31,17.2358,17.3752,15.3087,15.5268,10134293650
2014-02-28,15.5906,17.1992,15.4864,16.4215,6749068366
2014-03-31,16.3204,17.1306,16.3155,16.7465,5730026962
2014-04-30,16.7789,18.703,15.9549,18.4124,7359289102
2014-05-31,18.472,20.2135,18.2088,19.8628,6534178718
2014-06-30,19.8922,20.8784,19.5329,20.4107,5493153036
2014-07-31,20.5406,21.842,20.3332,20.999,4709628612
2014-08-31,20.8439,22.7151,20.5884,22.6256,4225149629
2014-09-30,22.7493,22.8984,21.2191,22.2415,6911501960
2014-10-31,22.2053,23.8482,21.0109,23.8386,6159093928
2014-11-30,23.8917,26.5404,23.7786,26.3705,3701416911
2014-12-31,26.338,26.4374,23.5575,24.474,4840821855
2015-01-31,24.6921,26.5983,23.1942,25.9767,6183265062
2015-02-28,26.1721,29.7333,25.7344,28.5883,5105550356
2015-03-31,28.7669,28.9997,27.0679,27.6925,5116049247
2015-04-30,27.7781,29.9476,27.3949,27.8528,4474927927
2015-05-31,28.0647,29.7157,27.4598,29.1107,4271095334
2015-06-30,29.3259,29.3688,27.8201,28.0303,3930595440
2015-07-31,28.3603,29.7157,26.6436,27.1072,4734986721
2015-08-31,27.1534,27.393,20.6534,25.3135,7164380586
2015-09-30,24.7313,26.2429,24.0997,24.7658,5373679767
2015-10-31,24.4898,27.2142,24.0879,26.8301,4960426197
2015-11-30,26.9137,27.7945,25.026,26.675,3331359168
2015-12-31,26.7772,27.0246,23.6322,23.7365,4069410879
2016-01-31,23.1352,23.8671,20.8313,21.9449,5404600278
2016-02-29,21.7505,22.4184,20.9904,21.9176,3379384384
2016-03-31,22.1354,25.0318,22.0834,24.7066,3194151621
2016-04-30,24.6576,25.4786,20.9727,21.2488,3592436065
2016-05-31,21.2997,22.9751,20.4057,22.7748,3761128159
2016-06-30,22.5824,23.2367,20.8686,21.8044,3148129821
2016-07-31,21.779,23.8463,21.5236,23.7688,2768228541
2016-08-31,23.814,25.2765,23.7228,24.3325,2534219868
2016-09-30,24.3423,26.6406,23.5105,25.9208,4002243553
2016-10-31,25.8449,27.2172,25.7478,26.0337,2831060362
2016-11-30,26.0139,26.0907,23.9848,25.4727,3020733181
2016-12-31,25.4366,27.2014,24.9524,26.6945,2494784675
2017-01-31,26.6898,28.2209,26.4434,27.9712,2290065160
2017-02-28,29.2765,31.8216,29.2706,31.7114,2351240187
2017-03-31,31.9196,33.4498,31.7272,33.2532,2324433891
2017-04-30,33.2652,33.6708,32.4205,33.2513,1570693370
2017-05-31,33.5872,36.413,33.3957,35.5045,2810968427
2017-06-30,35.6038,36.2568,33.0521,33.4772,2936934946
2017-07-31,33.6728,35.7911,33.1022,34.5675,1805864567
2017-08-31,34.656,38.3871,34.4957,38.2673,2817721384
2017-09-30,38.4529,38.4871,34.8072,35.9619,2905732239
2017-10-31,35.9955,39.5852,35.577,39.4499,2158250265
2017-11-30,39.6395,41.1271,38.5687,40.2433,2562599549
2017-12-31,39.7985,41.4935,38.9774,39.6315,2258897065
2018-01-31,39.8503,42.179,38.5707,39.2123,2806870464
2018-02-28,39.151,42.4718,35.3288,41.8894,3936174373
2018-03-31,41.9856,43.1525,38.7896,39.4566,3035243433
2018-04-30,39.4809,42.0779,37.7703,38.8624,2833641240
2018-05-31,39.1316,44.8642,38.8653,44.1099,2636089930
2018-06-30,44.3732,45.8434,42.6593,43.6965,2235190303
2018-07-31,43.39,46.259,43.2976,44.9175,1668452206
2018-08-31,47.0071,54.2163,46.5722,53.9204,2960273949
2018-09-30,54.11,54.4058,50.9998,53.4748,2866296478
2018-10-31,53.9991,55.3055,48.8193,51.8454,3333940125
2018-11-30,51.8886,52.6704,40.472,42.4492,4048259128
2018-12-31,43.8468,43.9617,34.8464,37.4973,3781604781
2019-01-31,36.8214,40.1727,33.7543,39.5656,3483685153
2019-02-28,39.6891,41.9886,39.445,41.3373,1982295246
2019-03-31,41.6035,47.1919,40.4644,45.3445,2726882869
2019-04-30,45.7501,49.7672,44.9743,47.9049,2120066723
2019-05-31,50.104,51.4014,41.9385,41.9561,3089632303
2019-06-30,42.0849,48.3068,40.8041,47.4296,2149910349
2019-07-31,48.6867,53.0525,47.5484,51.0537,1977733297
2019-08-31,51.2598,52.25,46.151,50.2169,2845231486
2019-09-30,49.6582,54.4686,49.1297,53.8766,2275585935
2019-10-31,54.1455,60.0777,51.753,59.8409,2588373174
2019-11-30,60.0276,64.6641,59.9372,64.4823,1861465456
2019-12-31,64.4873,70.9273,61.8349,70.8488,2482066036
2020-01-31,71.4752,79.1027,70.6367,74.6821,3046314393
2020-02-29,73.423,79.14,62.0036,66.1118,3123978817
2020-03-31,68.2677,73.5212,51.421,61.4987,6492944553
2020-04-30,59.6169,71.231,57.2933,71.056,3376158752
2020-05-31,69.2312,78.6313,69.1341,77.1033,2895538608
2020-06-30,77.0569,90.3061,76.9254,88.4645,3343828702
2020-07-31,88.5428,103.232,86.4748,103.084,3113784753
2020-08-31,104.942,127.286,104.646,125.4,4190056769
2020-09-30,129.013,134.084,100.196,112.533,3999680810
2020-10-31,114.313,121.845,104.666,105.787,2979408954
2020-11-30,106.033,118.751,104.286,115.894,2182157711
2020-12-31,117.798,135.105,116.835,129.171,2386117245
2021-01-31,129.977,141.231,123.033,128.454,2301989386
2021-02-28,130.202,134.416,115.421,118.212,1881785562
2021-03-31,120.647,125.489,113.288,119.085,2719074924
2021-04-30,120.558,133.639,119.407,128.161,1938602003
2021-05-31,128.729,130.705,119.377,121.688,1753672657
2021-06-30,122.148,134.191,120.243,133.756,1645147391
2021-07-31,133.406,146.486,132.579,142.442,1965186032
2021-08-31,142.931,150.119,141.328,148.499,1496531997
2021-09-30,149.483,153.803,138.156,138.384,1838344031
2021-10-31,138.775,149.806,135.231,146.505,1600242625
2021-11-30,145.711,162.3,144.444,161.905,1726887807
2021-12-31,164.037,178.387,154.559,173.918,2496931196
2022-01-31,174.172,179.18,151.517,171.187,2153530838
2022-02-28,170.44,173.239,149.068,161.935,1661675396
2022-03-31,161.513,176.146,147.204,171.236,2223798748
2022-04-30,170.667,175.047,152.38,154.609,1721087858
2022-05-31,153.684,163.271,130.241,146.182,2445371626
2022-06-30,147.224,149.031,126.735,134.279,1781104456
2022-07-31,133.609,160.707,133.239,159.609,1473681284
2022-08-31,158.136,173.244,154.547,154.627,1536028499
2022-09-30,154.059,161.549,135.724,135.92,2119737064
2022-10-31,135.93,154.902,132.153,150.811,1899714259
2022-11-30,152.522,152.885,132.384,145.829,1751428993
2022-12-31,146.008,148.678,123.999,128,1701011731
2023-01-31,128.343,145.041,122.325,142.146,1465431965
2023-02-28,141.831,155.042,139.22,145.441,1325958698
2023-03-31,144.868,162.796,141.976,162.698,1541046404
2023-04-30,162.075,167.581,157.646,167.413,982905888
2023-05-31,167.019,177.199,162.115,175.124,1291637160
2023-06-30,175.569,192.148,174.809,191.642,1313617799
2023-07-31,191.456,195.855,184.362,194.094,1008463246
2023-08-31,193.881,194.373,170.127,185.869,1338822856
2023-09-30,187.466,187.954,165.834,169.386,1352287788
2023-10-31,169.396,180.397,163.904,168.949,1185481799
2023-11-30,169.177,191.126,168.306,188.173,1110747295
2023-12-31,188.55,197.752,185.697,190.729,1073221714
2024-01-31,185.397,194.542,178.483,182.674,1198705200
2024-02-29,182.264,189.264,177.574,179.286,1171670772
2024-03-31,178.098,179.069,167.126,170.092,1444842629
2024-04-30,169.804,176.916,162.747,168.951,1256002859
2024-05-31,168.207,191.698,167.742,190.953,1346409613
2024-06-30,191.598,218.715,190.853,209.198,1735693559
2024-07-31,210.66,235.63,210.49,220.581,1161025753
2024-08-31,222.857,231.616,194.677,227.718,1129579083
2024-09-30,227.271,231.785,212.722,231.696,1239327668
2024-10-31,228.236,236.161,220.092,224.646,936074628
2024-11-30,219.728,236.74,218.481,236.262,895933124
2024-12-31,236.202,258.929,236.093,249.292,982364989
2025-01-31,247.809,247.978,218.392,234.937,1205720214
2025-02-28,228.954,249.148,224.684,241.015,865516623
2025-03-31,240.965,243.196,207.71,221.373,1119119852
2025-04-30,219.056,224.422,168.633,211.776,1612814728
2025-05-31,208.367,213.829,192.591,200.428,1198977920
2025-06-30,199.859,206.954,194.66,204.739,1102821406
2025-07-31,206.231,215.776,205.707,207.134,1082209547
2025-08-31,210.422,234.892,201.077,231.915,1219915265
2025-09-30,229.028,257.351,225.731,254.383,1266763226
2025-10-31,254.793,277.051,243.764,270.108,1098205911
2025-11-30,270.158,280.38,265.32,278.85,877813393
2025-12-31,278.01,288.62,266.95,271.86,924529010
2026-01-31,272.255,277.84,243.42,259.48,1040017271
2026-02-28,260.03,280.905,255.45,266.18,766483123
